base,grr,nrr,at_risk_mrr,expansion
847830.0,0.9100055435641579,1.0267742354009648,383900.0,99000.0
